-- ----------------------------------------------------------------------------
-- Vulnerability Engine DB - Development Data Insert
--
-- This file inserts some data for initial development to use.
-- This is intended to be temporary until we get full flow working with
-- real data.
-- ----------------------------------------------------------------------------
INSERT INTO system_platform (platform_id, rh_account, display_name, s3_url, vmaas_json, json_checksum) VALUES
('PLAT-ID00-0000-0000', '00000000', 'deathstar.bogus.com', 'https://localhost/s3/111111', '{ "package_list": [ "kernel-2.6.32-696.20.1.el6.x86_64" ]}', '11111111'),
('PLAT-ID00-0000-1111', '00000000', 'vulcan.bogus.com', 'https://localhost/s3/222222', '{ "package_list": [ "kernel-2.6.32-696.20.1.el6.x86_64" ]}', '11111111'),
('PLAT-ID00-0000-2222', '00000000', 'earth.bogus.com', 'https://localhost/s3/333333', '{ "package_list": [ "kernel-2.6.32-696.20.1.el6.x86_64" ]}', '11111111'),
('PLAT-ID00-0000-3333', '00000000', 'haleyscomet.bogus.com', 'https://localhost/s3/444444', '{ "package_list": [ "kernel-2.6.32-696.20.1.el6.x86_64" ]}', '11111111'),
('PLAT-ID00-0000-4444', '00000000', 'jupiter.bogus.com', 'https://localhost/s3/555555', '{ "package_list": [ "kernel-2.6.32-696.20.1.el6.x86_64" ]}', '11111111'),
('PLAT-ID00-0000-5555', '00000000', 'pluto.bogus.com', 'https://localhost/s3/666666', '{ "package_list": [ "kernel-2.6.32-696.20.1.el6.x86_64" ]}', '11111111');

INSERT INTO system_platform (platform_id, rh_account, display_name, s3_url, vmaas_json, json_checksum, first_reported, last_updated, unchanged_since) VALUES
('PLAT-ID00-0000-6666', '00000000', 'apollo.bogus.com', 'https://localhost/s3/777777', '{ "package_list": [ "kernel-2.6.32-696.20.1.el6.x86_64" ]}', '11111111', '2017-12-31 08:22:33-04', '2018-10-04 14:13:12-04', '2018-09-22 12:00:00-04');


INSERT INTO cve_metadata (cve, cvss3_score) VALUES
('CVE-2014-0160', 3.000),
('CVE-2016-0800', 8.500),
('CVE-2017-1000502', 6.200),
('CVE-2017-5715', 3.000),
('CVE-2017-5753', 3.000),
('CVE-2017-5754', 3.000),
('CVE-2018-10908', 3.000),
('CVE-2018-10931', 3.000),
('CVE-2018-1102', 3.000),
('CVE-2018-2814', 3.000),
('CVE-2018-4117', 3.000),
('CVE-2017-3001', 3.000),
('CVE-2017-3004', 3.000),
('CVE-2017-3244', 3.000),
('CVE-2017-3243', 3.000);


INSERT INTO system_vulnerabilities (platform_id, cve, vulnerability_source, first_reported, when_mitigated) VALUES
('PLAT-ID00-0000-0000', 'CVE-2014-0160', 1, '2018-10-01 12:00:00-04', NULL),
('PLAT-ID00-0000-0000', 'CVE-2016-0800', 1, '2018-10-01 12:00:00-04', NULL),
('PLAT-ID00-0000-1111', 'CVE-2014-0160', 1, '2018-10-01 12:00:00-04', NULL),
('PLAT-ID00-0000-1111', 'CVE-2016-0800', 1, '2017-12-31 08:22:33-04', NULL),
('PLAT-ID00-0000-1111', 'CVE-2017-1000502', 2, '2018-10-01 12:00:00-04', '2018-10-04 14:13:12-04'),
('PLAT-ID00-0000-1111', 'CVE-2017-5715', 1, '2018-06-22 18:15:13-04', NULL),
('PLAT-ID00-0000-1111', 'CVE-2017-5753', 1, '2018-09-01 12:00:00-04', NULL),
('PLAT-ID00-0000-1111', 'CVE-2017-5754', 1, '2018-09-01 12:00:00-04', NULL),
('PLAT-ID00-0000-2222', 'CVE-2014-0160', 1, '2018-09-01 12:00:00-04', '2018-09-22 12:00:00-04'),
('PLAT-ID00-0000-2222', 'CVE-2016-0800', 1, '2018-09-01 12:00:00-04', NULL),
('PLAT-ID00-0000-2222', 'CVE-2017-1000502', 2, '2018-04-01 12:00:00-04', NULL),
('PLAT-ID00-0000-2222', 'CVE-2017-5715', 1, '2018-07-01 12:00:00-04', NULL),
('PLAT-ID00-0000-2222', 'CVE-2017-5753', 1, '2018-02-01 12:00:00-04', NULL),
('PLAT-ID00-0000-2222', 'CVE-2017-5754', 1, '2018-02-01 12:00:00-04', NULL),
('PLAT-ID00-0000-2222', 'CVE-2018-10908', 1, '2018-02-01 12:00:00-04', '2018-09-01 12:00:00-04'),
('PLAT-ID00-0000-2222', 'CVE-2018-10931', 1, '2018-09-01 12:00:00-04', NULL),
('PLAT-ID00-0000-2222', 'CVE-2018-1102', 1, '2018-09-01 12:00:00-04', NULL),
('PLAT-ID00-0000-2222', 'CVE-2018-2814', 1, '2018-09-01 12:00:00-04', NULL),
('PLAT-ID00-0000-2222', 'CVE-2018-4117', 1, '2018-09-01 12:00:00-04', NULL),
('PLAT-ID00-0000-2222', 'CVE-2017-3001', 1, '2018-09-01 12:00:00-04', NULL),
('PLAT-ID00-0000-2222', 'CVE-2017-3004', 1, '2018-09-01 12:00:00-04', NULL),
('PLAT-ID00-0000-2222', 'CVE-2017-3244', 1, '2018-04-01 12:00:00-04', '2018-09-01 12:00:00-04'),
('PLAT-ID00-0000-2222', 'CVE-2017-3243', 1, '2018-04-01 12:00:00-04', NULL),
('PLAT-ID00-0000-3333', 'CVE-2014-0160', 1, '2018-03-01 12:00:00-04', NULL),
('PLAT-ID00-0000-3333', 'CVE-2016-0800', 1, '2018-03-01 12:00:00-04', '2018-09-01 12:00:00-04'),
('PLAT-ID00-0000-3333', 'CVE-2017-1000502', 2, '2018-03-01 12:00:00-04', NULL),
('PLAT-ID00-0000-3333', 'CVE-2017-5715', 1, '2018-03-01 12:00:00-04', '2018-09-01 12:00:00-04'),
('PLAT-ID00-0000-3333', 'CVE-2017-5753', 1, '2018-03-01 12:00:00-04', NULL),
('PLAT-ID00-0000-3333', 'CVE-2017-5754', 1, '2018-03-01 12:00:00-04', NULL),
('PLAT-ID00-0000-4444', 'CVE-2014-0160', 1, '2018-10-01 12:00:00-04', NULL),
('PLAT-ID00-0000-4444', 'CVE-2016-0800', 1, '2017-10-01 12:00:00-04', '2018-01-03 12:00:00-04'),
('PLAT-ID00-0000-4444', 'CVE-2017-1000502', 2, '2017-10-01 12:00:00-04', '2018-01-03 12:00:00-04'),
('PLAT-ID00-0000-4444', 'CVE-2017-5715', 1, '2017-10-01 12:00:00-04', NULL),
('PLAT-ID00-0000-5555', 'CVE-2014-0160', 1, '2018-10-03 12:00:00-04', NULL),
('PLAT-ID00-0000-5555', 'CVE-2016-0800', 1, '2018-10-03 12:00:00-04', NULL),
('PLAT-ID00-0000-5555', 'CVE-2017-1000502', 1, '2018-10-03 12:00:00-04', NULL),
('PLAT-ID00-0000-5555', 'CVE-2017-5715', 1, '2018-08-03 12:00:00-04', NULL),
('PLAT-ID00-0000-5555', 'CVE-2017-5753', 1, '2018-08-03 12:00:00-04', NULL),
('PLAT-ID00-0000-5555', 'CVE-2017-5754', 1, '2018-08-03 12:00:00-04', NULL),
('PLAT-ID00-0000-5555', 'CVE-2018-10908', 1, '2017-10-03 12:00:00-04', NULL),
('PLAT-ID00-0000-6666', 'CVE-2014-0160', 1, '2018-10-01 12:00:00-04', '2018-10-03 12:00:00-04'),
('PLAT-ID00-0000-6666', 'CVE-2016-0800', 1, '2018-10-01 12:00:00-04', '2018-10-03 12:00:00-04');
