-- ----------------------------------------------------------------------------
-- Vulnerability Engine DB - Development Data Insert
--
-- This file inserts some data for initial development to use.
-- This is intended to be temporary until we get full flow working with
-- real data.
-- ----------------------------------------------------------------------------
INSERT INTO system_platform (inventory_id, rh_account, s3_url, vmaas_json, json_checksum, cve_count_cache) VALUES
('INV-ID00-0000-0000', '00000000', 'https://localhost/s3/111111', '{ "package_list": [ "kernel-2.6.32-696.20.1.el6.x86_64" ]}', '11111111', '0'),
('INV-ID00-0000-1111', '00000000', 'https://localhost/s3/222222', '{ "package_list": [ "kernel-2.6.32-696.20.1.el6.x86_64" ]}', '11111111', '0'),
('INV-ID00-0000-2222', '00000000', 'https://localhost/s3/333333', '{ "package_list": [ "kernel-2.6.32-696.20.1.el6.x86_64" ]}', '11111111', '0');

INSERT INTO system_platform (inventory_id, rh_account, s3_url, vmaas_json, json_checksum, last_evaluation, cve_count_cache) VALUES
('INV-ID00-0000-3333', '00000000', 'https://localhost/s3/444444', '{ "package_list": [ "kernel-2.6.32-696.20.1.el6.x86_64" ]}', '11111111', '2018-09-22 12:00:00-04', 4),
('INV-ID00-0000-4444', '00000000', 'https://localhost/s3/555555', '{ "package_list": [ "kernel-2.6.32-696.20.1.el6.x86_64" ]}', '11111111', '2018-09-22 12:00:00-04', 2),
('INV-ID00-0000-5555', '00000000', 'https://localhost/s3/666666', '{ "package_list": [ "kernel-2.6.32-696.20.1.el6.x86_64" ]}', '11111111', '2018-09-22 12:00:00-04', 7);

INSERT INTO system_platform (inventory_id, rh_account, s3_url, vmaas_json, json_checksum, first_reported, last_updated, unchanged_since) VALUES
('INV-ID00-0000-6666', '00000000', 'https://localhost/s3/777777', '{ "package_list": [ "kernel-2.6.32-696.20.1.el6.x86_64" ]}', '11111111', '2017-12-31 08:22:33-04', '2018-10-04 14:13:12-04', '2018-09-22 12:00:00-04');


INSERT INTO cve_metadata (cve, impact_id, cvss3_score, cvss3_metrics, public_date, description) VALUES
('CVE-2013-4480', 7, NULL, NULL, '2013-11-12 00:00:00+00', 'CVE-2013-4480 desc'),
('CVE-2014-0160', 5, NULL, NULL, '2014-04-07 00:00:00+00', 'CVE-2014-0160 desc'),
('CVE-2016-0800', 5, 5.9, 'CVSS:3.0/AV:N/AC:H/PR:N/UI:N/S:U/C:H/I:N/A:N', '2016-03-01 00:00:00+00', 'CVE-2016-0800 desc'),
('CVE-2017-1000502', 7, 9.9, 'CVSS:3.0/AV:N/AC:L/PR:L/UI:N/S:C/C:H/I:H/A:H', '2018-01-24 00:00:00+00', 'CVE-2017-1000502 desc'),
('CVE-2017-3001', 7, 8.8, 'CVSS:3.0/AV:N/AC:L/PR:N/UI:R/S:U/C:H/I:H/A:H', '2017-03-14 00:00:00+00', 'CVE-2017-3001 desc'),
('CVE-2017-3004', 6, 7.8, 'CVSS:3.0/AV:L/AC:L/PR:N/UI:R/S:U/C:H/I:H/A:H', '2017-04-12 14:59:00+00', 'CVE-2017-3004 desc'),
('CVE-2017-3243', 4, 4.4, 'CVSS:3.0/AV:N/AC:H/PR:H/UI:N/S:U/C:N/I:N/A:H', '2017-01-18 00:00:00+00', 'CVE-2017-3243 desc'),
('CVE-2017-3244', 4, 6.5, 'CVSS:3.0/AV:N/AC:L/PR:L/UI:N/S:U/C:N/I:N/A:H', '2017-01-18 00:00:00+00', 'CVE-2017-3244 desc'),
('CVE-2017-5715', 5, 5.6, 'CVSS:3.0/AV:L/AC:H/PR:L/UI:N/S:C/C:H/I:N/A:N', '2018-01-03 00:00:00+00', 'CVE-2017-5715 desc'),
('CVE-2017-5753', 5, 5.6, 'CVSS:3.0/AV:L/AC:L/PR:L/UI:N/S:U/C:H/I:N/A:N', '2018-01-03 00:00:00+00', 'CVE-2017-5753 desc'),
('CVE-2017-5754', 5, 5.5, 'CVSS:3.0/AV:L/AC:L/PR:L/UI:N/S:U/C:H/I:N/A:N', '2018-01-03 00:00:00+00', 'CVE-2017-5754 desc'),
('CVE-2018-10908', 4, 6.5, 'CVSS:3.0/AV:N/AC:L/PR:L/UI:N/S:U/C:N/I:N/A:H', '2018-08-08 00:00:00+00', 'CVE-2018-10908 desc'),
('CVE-2018-10931', 7, 9.8, 'CVSS:3.0/AV:N/AC:L/PR:N/UI:N/S:U/C:H/I:H/A:H', '2018-08-09 00:00:00+00', 'CVE-2018-10931 desc'),
('CVE-2018-1102', 7, 9.9, 'CVSS:3.0/AV:N/AC:L/PR:L/UI:N/S:C/C:H/I:H/A:H', '2018-04-27 00:00:00+00', 'CVE-2018-1102 desc'),
('CVE-2018-2814', 7, 7.5, 'CVSS:3.0/AV:N/AC:H/PR:N/UI:R/S:U/C:H/I:H/A:H', '2018-04-17 00:00:00+00', 'CVE-2018-2814 desc'),
('CVE-2016-7543', 5, 7.0, 'CVSS:3.0/AV:N/AC:H/PR:N/UI:R/S:U/C:H/I:H/A:H', '2016-09-16T00:00:00+00:00', 'CVE-2016-7543 desc'),
('CVE-2018-4117', 2, 6.5, 'CVSS:3.0/AV:L/AC:H/PR:L/UI:N/S:U/C:H/I:H/A:H', '2018-07-24 00:00:00+00', 'CVE-2018-4117 desc');


INSERT INTO system_vulnerabilities (inventory_id, cve, first_reported, when_mitigated) VALUES
('INV-ID00-0000-0000', 'CVE-2014-0160', '2018-10-01 12:00:00-04', NULL),
('INV-ID00-0000-0000', 'CVE-2016-0800', '2018-10-01 12:00:00-04', NULL),
('INV-ID00-0000-1111', 'CVE-2014-0160', '2018-10-01 12:00:00-04', NULL),
('INV-ID00-0000-1111', 'CVE-2016-0800', '2017-12-31 08:22:33-04', NULL),
('INV-ID00-0000-1111', 'CVE-2017-1000502', '2018-10-01 12:00:00-04', '2018-10-04 14:13:12-04'),
('INV-ID00-0000-1111', 'CVE-2017-5715', '2018-06-22 18:15:13-04', NULL),
('INV-ID00-0000-1111', 'CVE-2017-5753', '2018-09-01 12:00:00-04', NULL),
('INV-ID00-0000-1111', 'CVE-2017-5754', '2018-09-01 12:00:00-04', NULL),
('INV-ID00-0000-1111', 'CVE-2016-7543', '2018-09-01 12:00:00-04', NULL),
('INV-ID00-0000-2222', 'CVE-2014-0160', '2018-09-01 12:00:00-04', '2018-09-22 12:00:00-04'),
('INV-ID00-0000-2222', 'CVE-2016-0800', '2018-09-01 12:00:00-04', NULL),
('INV-ID00-0000-2222', 'CVE-2017-1000502', '2018-04-01 12:00:00-04', NULL),
('INV-ID00-0000-2222', 'CVE-2017-5715', '2018-07-01 12:00:00-04', NULL),
('INV-ID00-0000-2222', 'CVE-2017-5753', '2018-02-01 12:00:00-04', NULL),
('INV-ID00-0000-2222', 'CVE-2017-5754', '2018-02-01 12:00:00-04', NULL),
('INV-ID00-0000-2222', 'CVE-2018-10908', '2018-02-01 12:00:00-04', '2018-09-01 12:00:00-04'),
('INV-ID00-0000-2222', 'CVE-2018-10931', '2018-09-01 12:00:00-04', NULL),
('INV-ID00-0000-2222', 'CVE-2018-1102', '2018-09-01 12:00:00-04', NULL),
('INV-ID00-0000-2222', 'CVE-2018-2814', '2018-09-01 12:00:00-04', NULL),
('INV-ID00-0000-2222', 'CVE-2018-4117', '2018-09-01 12:00:00-04', NULL),
('INV-ID00-0000-2222', 'CVE-2017-3001', '2018-09-01 12:00:00-04', NULL),
('INV-ID00-0000-2222', 'CVE-2017-3244', '2018-04-01 12:00:00-04', '2018-09-01 12:00:00-04'),
('INV-ID00-0000-2222', 'CVE-2017-3243', '2018-04-01 12:00:00-04', NULL),
('INV-ID00-0000-3333', 'CVE-2014-0160', '2018-03-01 12:00:00-04', NULL),
('INV-ID00-0000-3333', 'CVE-2016-0800', '2018-03-01 12:00:00-04', '2018-09-01 12:00:00-04'),
('INV-ID00-0000-3333', 'CVE-2017-1000502', '2018-03-01 12:00:00-04', NULL),
('INV-ID00-0000-3333', 'CVE-2017-5715', '2018-03-01 12:00:00-04', '2018-09-01 12:00:00-04'),
('INV-ID00-0000-3333', 'CVE-2017-5753', '2018-03-01 12:00:00-04', NULL),
('INV-ID00-0000-3333', 'CVE-2017-5754', '2018-03-01 12:00:00-04', NULL),
('INV-ID00-0000-4444', 'CVE-2014-0160', '2018-10-01 12:00:00-04', NULL),
('INV-ID00-0000-4444', 'CVE-2016-0800', '2017-10-01 12:00:00-04', '2018-01-03 12:00:00-04'),
('INV-ID00-0000-4444', 'CVE-2017-1000502', '2017-10-01 12:00:00-04', '2018-01-03 12:00:00-04'),
('INV-ID00-0000-4444', 'CVE-2017-5715', '2017-10-01 12:00:00-04', NULL),
('INV-ID00-0000-5555', 'CVE-2014-0160', '2018-10-03 12:00:00-04', NULL),
('INV-ID00-0000-5555', 'CVE-2016-0800', '2018-10-03 12:00:00-04', NULL),
('INV-ID00-0000-5555', 'CVE-2017-1000502', '2018-10-03 12:00:00-04', NULL),
('INV-ID00-0000-5555', 'CVE-2017-5715', '2018-08-03 12:00:00-04', NULL),
('INV-ID00-0000-5555', 'CVE-2017-5753', '2018-08-03 12:00:00-04', NULL),
('INV-ID00-0000-5555', 'CVE-2017-5754', '2018-08-03 12:00:00-04', NULL),
('INV-ID00-0000-5555', 'CVE-2018-10908', '2017-10-03 12:00:00-04', NULL),
('INV-ID00-0000-5555', 'CVE-2016-7543', '2018-10-01 12:00:00-04', '2018-10-03 12:00:00-04'),
('INV-ID00-0000-6666', 'CVE-2014-0160', '2018-10-01 12:00:00-04', '2018-10-03 12:00:00-04'),
('INV-ID00-0000-6666', 'CVE-2016-0800', '2018-10-01 12:00:00-04', '2018-10-03 12:00:00-04');


INSERT INTO cve_affected_systems_cache (cve, rh_account, systems_affected) VALUES
('CVE-2014-0160', '00000000', 5),
('CVE-2016-0800', '00000000', 4),
('CVE-2017-1000502', '00000000', 3),
('CVE-2017-3001', '00000000', 1),
('CVE-2017-3243', '00000000', 1),
('CVE-2017-5715', '00000000', 4),
('CVE-2017-5753', '00000000', 4),
('CVE-2017-5754', '00000000', 4),
('CVE-2018-10908', '00000000', 1),
('CVE-2018-10931', '00000000', 1),
('CVE-2018-1102', '00000000', 1),
('CVE-2018-2814', '00000000', 1),
('CVE-2016-7543', '00000000', 1),
('CVE-2018-4117', '00000000', 1);